{"cameraMode":{"drawMode":0,"name":"Shaded","section":"Shading Mode"},"sceneLighting":false,"audioPlay":false,"sceneViewState":{"m_AlwaysRefresh":false,"showFog":true,"showSkybox":false,"showFlares":true,"showImageEffects":true,"showParticleSystems":true,"showVisualEffectGraphs":true,"m_FxEnabled":true},"in2DMode":false,"pivot":{"x":86.86392974853516,"y":274.2998352050781,"z":-31.63568115234375},"rotation":{"x":0.04763760045170784,"y":0.03804495185613632,"z":0.0018153013661503792,"w":-0.9981390833854675},"size":155.70359802246095,"orthographic":false}