{"cameraMode":{"drawMode":0,"name":"Shaded","section":"Shading Mode"},"sceneLighting":true,"audioPlay":false,"sceneViewState":{"m_AlwaysRefresh":false,"showFog":true,"showSkybox":true,"showFlares":true,"showImageEffects":true,"showParticleSystems":true,"showVisualEffectGraphs":true,"m_FxEnabled":true},"in2DMode":false,"pivot":{"x":-5.525558948516846,"y":4.943187713623047,"z":-455.4976806640625},"rotation":{"x":0.17826518416404725,"y":0.16445305943489076,"z":-0.030239196494221689,"w":0.9696905016899109},"size":3.6634998321533205,"orthographic":false}