{"cameraMode":{"drawMode":0,"name":"Shaded","section":"Shading Mode"},"sceneLighting":false,"audioPlay":false,"sceneViewState":{"m_AlwaysRefresh":false,"showFog":true,"showSkybox":false,"showFlares":true,"showImageEffects":true,"showParticleSystems":true,"showVisualEffectGraphs":true,"m_FxEnabled":true},"in2DMode":false,"pivot":{"x":0.012977957725524903,"y":0.25872743129730227,"z":0.13714554905891419},"rotation":{"x":-0.0734369158744812,"y":0.7530890703201294,"z":-0.08531790971755982,"w":-0.6482171416282654},"size":1.0332694053649903,"orthographic":false}